[{"date": "2025-03-29 17:27:42", "subject": "Urgent: Account Suspended!", "is_phishing": true, "probability": 100.0, "risk_level": "High"}, {"date": "2025-03-29 17:28:01", "subject": "Urgent: Account Suspended!", "is_phishing": false, "probability": 0.0, "risk_level": "Low"}, {"date": "2025-03-29 17:28:20", "subject": "Urgent: Account Suspended!", "is_phishing": false, "probability": 0.0, "risk_level": "Low"}, {"date": "2025-03-29 17:28:31", "subject": "Urgent: Account Suspended!", "is_phishing": false, "probability": 0.1, "risk_level": "Low"}, {"date": "2025-03-29 17:29:13", "subject": "Urgent: Account Suspended!", "is_phishing": false, "probability": 0.1, "risk_level": "Low"}, {"date": "2025-03-29 17:29:17", "subject": "Urgent: Account Suspended!", "is_phishing": false, "probability": 0.1, "risk_level": "Low"}, {"date": "2025-03-29 17:29:45", "subject": "Urgent: Account Suspended!", "is_phishing": false, "probability": 0.1, "risk_level": "Low"}, {"date": "2025-03-29 17:29:55", "subject": "Urgent: Account Suspended!", "is_phishing": false, "probability": 0.1, "risk_level": "Low"}, {"date": "2025-03-29 17:30:04", "subject": "Urgent: Account Suspended!", "is_phishing": false, "probability": 0.1, "risk_level": "Low"}, {"date": "2025-03-29 17:30:16", "subject": "Urgent: Account Suspended!", "is_phishing": false, "probability": 0.1, "risk_level": "Low"}, {"date": "2025-03-29 17:31:19", "subject": "Urgent: Account Suspended!", "is_phishing": true, "probability": 97.1, "risk_level": "High"}, {"date": "2025-03-29 17:31:34", "subject": "Urgent: Account Suspended!", "is_phishing": true, "probability": 97.1, "risk_level": "High"}, {"date": "2025-03-29 19:33:08", "subject": "Urgent: Account Suspended!", "is_phishing": true, "probability": 97.1, "risk_level": "High"}, {"date": "2025-03-29 19:34:21", "subject": "Urgent: Account Suspended!", "is_phishing": true, "probability": 52.2, "risk_level": "Medium"}, {"date": "2025-03-29 19:35:32", "subject": "Urgent: Account Suspended!", "is_phishing": true, "probability": 97.6, "risk_level": "High"}, {"date": "2025-03-29 19:36:04", "subject": "Urgent: Account Suspended!", "is_phishing": true, "probability": 99.6, "risk_level": "High"}, {"date": "2025-03-29 19:36:11", "subject": "Urgent: Account Suspended!", "is_phishing": true, "probability": 99.6, "risk_level": "High"}, {"date": "2025-03-29 19:36:26", "subject": "Urgent: Regards!", "is_phishing": true, "probability": 96.9, "risk_level": "High"}, {"date": "2025-03-29 19:36:36", "subject": "Best Wishes", "is_phishing": true, "probability": 94.4, "risk_level": "High"}, {"date": "2025-03-29 19:36:43", "subject": "Best Wishes", "is_phishing": false, "probability": 50.0, "risk_level": "Medium"}, {"date": "2025-03-29 19:36:51", "subject": "Best Wishes", "is_phishing": false, "probability": 50.0, "risk_level": "Medium"}, {"date": "2025-03-29 19:36:54", "subject": "Best Wishes", "is_phishing": false, "probability": 50.0, "risk_level": "Medium"}, {"date": "2025-03-29 19:37:03", "subject": "Best Wishes", "is_phishing": true, "probability": 58.1, "risk_level": "Medium"}, {"date": "2025-03-29 19:37:14", "subject": "Best Wishes", "is_phishing": true, "probability": 72.0, "risk_level": "Medium"}, {"date": "2025-03-29 19:37:18", "subject": "Best Wishes", "is_phishing": true, "probability": 72.0, "risk_level": "Medium"}, {"date": "2025-03-29 19:38:41", "subject": "Your Amazon order", "is_phishing": false, "probability": 11.0, "risk_level": "Low"}, {"date": "2025-03-29 19:41:28", "subject": "Urgent: Account Suspended!", "is_phishing": false, "probability": 25.9, "risk_level": "Low"}, {"date": "2025-03-29 19:41:38", "subject": "Urgent: Account Suspended!", "is_phishing": true, "probability": 99.5, "risk_level": "High"}, {"date": "2025-03-29 19:41:56", "subject": "Urgent: Account Suspended!", "is_phishing": true, "probability": 94.1, "risk_level": "High"}, {"date": "2025-03-29 19:42:10", "subject": "Urgent: Account Suspended!", "is_phishing": true, "probability": 94.1, "risk_level": "High"}, {"date": "2025-03-29 19:42:29", "subject": "Urgent: Account Suspended!", "is_phishing": true, "probability": 99.5, "risk_level": "High"}, {"date": "2025-03-29 19:42:37", "subject": "Urgent: Account Suspended!", "is_phishing": false, "probability": 25.9, "risk_level": "Low"}, {"date": "2025-03-29 19:42:49", "subject": "Urgent: Account Suspended!", "is_phishing": false, "probability": 8.7, "risk_level": "Low"}, {"date": "2025-03-29 19:47:31", "subject": "Urgent: Account Suspended!", "is_phishing": false, "probability": 25.9, "risk_level": "Low"}, {"date": "2025-03-29 19:47:44", "subject": "Urgent: Account Suspended!", "is_phishing": true, "probability": 99.5, "risk_level": "High"}, {"date": "2025-03-29 19:47:54", "subject": "Urgent: Account Suspended!", "is_phishing": false, "probability": 48.5, "risk_level": "Medium"}, {"date": "2025-03-29 19:48:08", "subject": "Urgent: Account Suspended!", "is_phishing": false, "probability": 8.7, "risk_level": "Low"}]